00:00:0c,Cisco Systems
00:01:42,Cisco Systems
00:0a:95,Apple
00:0c:29,VMware
00:0d:3a,Microsoft
00:0f:b5,Netgear
00:11:24,Apple
00:14:22,Dell
00:15:5d,Microsoft (Hyper-V)
00:16:3e,Xen
00:17:88,Philips Lighting
00:1a:11,Google
00:1b:63,Apple
00:1c:b3,Apple
00:1e:c2,Apple
00:21:6a,Intel
00:22:41,Apple
00:23:12,Apple
00:23:6c,Apple
00:23:ae,Dell
00:24:36,Apple
00:25:00,Apple
00:25:4b,Apple
00:25:bc,Apple
00:26:08,Apple
00:26:4a,Apple
00:26:b0,Apple
00:26:bb,Apple
00:30:65,Apple
00:3e:e1,Apple
00:50:56,VMware
00:a0:40,Apple
00:c0:9f,Quanta Computer
08:00:27,Oracle VirtualBox
08:66:98,Apple
0c:77:1a,Apple
10:40:f3,Apple
10:9a:dd,Apple
10:dd:b1,Apple
14:10:9f,Apple
18:65:90,Apple
18:af:61,Apple
1c:1b:0d,GIGA-BYTE Technology
1c:36:bb,Apple
1c:91:48,Apple
20:78:f0,Apple
20:c9:d0,Apple
24:a0:74,Apple
28:37:37,Apple
28:6a:ba,Apple
28:cf:e9,Apple
2c:b4:3a,Apple
2c:f0:a2,Apple
30:35:ad,Apple
30:63:6b,Apple
34:08:bc,Apple
34:36:3b,Apple
34:c0:59,Apple
38:0f:4a,Apple
38:c9:86,Apple
3c:07:54,Apple
3c:15:c2,Apple
3c:22:fb,Apple
40:30:04,Apple
40:33:1a,Apple
40:6c:8f,Apple
40:a6:d9,Apple
40:b3:95,Apple
44:2a:60,Apple
44:d8:84,Apple
48:44:f7,Apple
48:5d:60,Apple
48:60:bc,Apple
48:e9:f1,Apple
4c:32:75,Apple
4c:57:ca,Apple
4c:74:03,Apple
50:32:37,Apple
50:ea:d6,Apple
54:26:96,Apple
54:72:4f,Apple
54:9f:13,Apple
54:ae:27,Apple
54:ea:a8,Apple
58:1f:aa,Apple
58:40:4e,Apple
58:55:ca,Apple
58:b0:35,Apple
5c:59:48,Apple
5c:8d:4e,Apple
5c:96:9d,Apple
5c:f7:e6,Apple
5c:f9:38,Apple
60:03:08,Apple
60:33:4b,Apple
60:69:44,Apple
60:c5:47,Apple
60:d9:c7,Apple
60:f8:1d,Apple
60:fa:cd,Apple
64:20:0c,Apple
64:4b:f0,Dell
64:76:ba,Apple
64:a3:cb,Apple
64:b0:a6,Apple
64:e6:82,Apple
68:5b:35,Apple
68:96:7b,Apple
68:a8:6d,Apple
68:ab:1e,Apple
68:d9:3c,Apple
68:db:ca,Apple
68:ef:43,Apple
6c:3e:6d,Apple
6c:4a:85,Apple
6c:70:9f,Apple
6c:94:f8,Apple
6c:c2:17,Apple
70:11:24,Apple
70:3e:ac,Apple
70:56:81,Apple
70:73:cb,Apple
70:81:eb,Apple
70:a2:b3,Apple
70:cd:60,Apple
70:de:e2,Apple
70:ec:e4,Apple
74:1b:b2,Apple
74:8d:08,Apple
74:e1:b6,Apple
74:e2:f5,Apple
78:31:c1,Apple
78:4f:43,Apple
78:67:d7,Apple
78:7b:8a,Apple
78:88:6d,Apple
78:9f:70,Apple
78:a3:e4,Apple
78:ca:39,Apple
78:d7:5f,Apple
78:fd:94,Apple
7c:01:0a,Apple
7c:04:d0,Apple
7c:11:be,Apple
7c:6d:62,Apple
7c:c3:a1,Apple
7c:d1:c3,Apple
7c:f0:5f,Apple
80:00:6e,Apple
80:49:71,Apple
80:82:23,Apple
80:92:9f,Apple
80:be:05,Apple
80:ea:96,Apple
80:ed:2c,Apple
84:29:99,Apple
84:38:35,Apple
84:78:8b,Apple
84:85:06,Apple
84:89:ad,Apple
84:b1:53,Apple
84:fc:ac,Apple
88:19:08,Apple
88:1f:a1,Apple
88:53:95,Apple
88:63:df,Apple
88:66:a5,Apple
88:c6:63,Apple
88:cb:87,Apple
88:e8:7f,Apple
8c:00:6d,Apple
8c:29:37,Apple
8c:58:77,Apple
8c:7c:92,Apple
8c:85:90,Apple
8c:fa:ba,Apple
90:27:e4,Apple
90:3c:92,Apple
90:60:f1,Apple
90:72:40,Apple
90:8d:6c,Apple
90:b0:ed,Apple
90:b2:1f,Apple
90:b6:86,Apple
90:c1:c6,Apple
90:fd:61,Apple
94:94:26,Apple
94:e9:6a,Apple
94:f6:a3,Apple
98:01:a7,Apple
98:03:d8,Apple
98:10:e8,Apple
98:46:0a,Apple
98:5a:eb,Apple
98:69:8a,Apple
98:b8:e3,Apple
98:ca:33,Apple
98:d6:bb,Apple
98:e0:d9,Apple
98:f0:ab,Apple
98:fe:94,Apple
9c:04:eb,Apple
9c:20:7b,Apple
9c:35:eb,Apple
9c:4f:da,Apple
9c:84:bf,Apple
9c:8b:a0,Apple
9c:f3:87,Apple
9c:f4:8e,Apple
a0:18:28,Apple
a0:3b:e3,Apple
a0:99:9b,Apple
a0:ce:c8,Apple
a0:d7:95,Apple
a0:ed:cd,Apple
a4:5e:60,Apple
a4:67:06,Apple
a4:b1:97,Apple
a4:b8:05,Apple
a4:d1:8c,Apple
a4:d1:d2,Apple
a4:f1:e8,Apple
a8:20:66,Apple
a8:5b:78,Apple
a8:5c:2c,Apple
a8:66:7f,Apple
a8:86:dd,Apple
a8:88:08,Apple
a8:96:8a,Apple
a8:be:27,Apple
a8:fa:d8,Apple
ac:29:3a,Apple
ac:3c:0b,Apple
ac:61:ea,Apple
ac:7f:3e,Apple
ac:87:a3,Apple
ac:bc:32,Apple
ac:cf:5c,Apple
ac:e4:b5,Apple
ac:fd:ec,Apple
b0:19:c6,Apple
b0:34:95,Apple
b0:65:bd,Apple
b0:70:2d,Apple
b0:9f:ba,Apple
b4:18:d1,Apple
b4:8b:19,Apple
b4:f0:ab,Apple
b8:09:8a,Apple
b8:17:c2,Apple
b8:41:a4,Apple
b8:44:d9,Apple
b8:53:ac,Apple
b8:63:4d,Apple
b8:78:2e,Apple
b8:8d:12,Apple
b8:c1:11,Apple
b8:c7:5d,Apple
b8:e8:56,Apple
b8:f6:b1,Apple
b8:ff:61,Apple
bc:3a:ea,Apple
bc:4c:c4,Apple
bc:52:b7,Apple
bc:54:36,Apple
bc:67:78,Apple
bc:6c:21,Apple
bc:92:6b,Apple
bc:a9:20,Apple
bc:ec:5d,Apple
c0:1a:da,Apple
c0:63:94,Apple
c0:84:7a,Apple
c0:9f:42,Apple
c0:cc:f8,Apple
c0:ce:cd,Apple
c0:d0:12,Apple
c0:f2:fb,Apple
c4:2c:03,Apple
c4:b3:01,Apple
c8:1e:e7,Apple
c8:2a:14,Apple
c8:33:4b,Apple
c8:69:cd,Apple
c8:6f:1d,Apple
c8:b5:b7,Apple
c8:bc:c8,Apple
c8:d0:83,Apple
c8:e0:eb,Apple
cc:08:8d,Apple
cc:20:e8,Apple
cc:25:ef,Apple
cc:29:f5,Apple
cc:44:63,Apple
cc:78:5f,Apple
cc:c7:60,Apple
d0:03:4b,Apple
d0:23:db,Apple
d0:25:98,Apple
d0:33:11,Apple
d0:4f:7e,Apple
d0:81:7a,Apple
d0:a6:37,Apple
d0:c5:f3,Apple
d0:d2:b0,Apple
d0:e1:40,Apple
d4:61:9d,Apple
d4:9a:20,Apple
d4:a3:3d,Apple
d4:dc:cd,Apple
d4:f4:6f,Apple
d8:00:4d,Apple
d8:1d:72,Apple
d8:30:62,Apple
d8:8f:76,Apple
d8:96:95,Apple
d8:9e:3f,Apple
d8:a2:5e,Apple
d8:bb:2c,Apple
d8:cf:9c,Apple
dc:0c:5c,Apple
dc:2b:2a,Apple
dc:2b:61,Apple
dc:37:14,Apple
dc:41:5f,Apple
dc:56:e7,Apple
dc:86:d8,Apple
dc:9b:9c,Apple
dc:a4:ca,Apple
dc:a9:04,Apple
e0:33:8e,Apple
e0:5f:45,Apple
e0:66:78,Apple
e0:76:d0,Apple
e0:ac:cb,Apple
e0:b5:2d,Apple
e0:b9:ba,Apple
e0:c7:67,Apple
e0:c9:7a,Apple
e0:f5:c6,Apple
e4:25:e7,Apple
e4:8b:7f,Apple
e4:9a:dc,Apple
e4:b2:fb,Apple
e4:c6:3d,Apple
e4:ce:8f,Apple
e4:e4:ab,Apple
e8:04:0b,Apple
e8:06:88,Apple
e8:40:f2,Apple
e8:80:2e,Apple
e8:8d:28,Apple
e8:b2:ac,Apple
ec:35:86,Apple
ec:85:2f,Apple
ec:ad:b8,Apple
f0:18:98,Apple
f0:24:75,Apple
f0:72:ea,Apple
f0:99:bf,Apple
f0:b0:e7,Apple
f0:b4:79,Apple
f0:c1:f1,Apple
f0:cb:a1,Apple
f0:d1:a9,Apple
f0:db:e2,Apple
f0:dc:e2,Apple
f0:f6:1c,Apple
f4:0f:24,Apple
f4:1b:a1,Apple
f4:37:b7,Apple
f4:5c:89,Apple
f4:f1:5a,Apple
f4:f9:51,Apple
f8:1e:df,Apple
f8:27:93,Apple
f8:38:80,Apple
f8:62:14,Apple
f8:95:c7,Apple
fc:25:3f,Apple
fc:e9:98,Apple
fc:fb:fb,Apple
00:1a:a0,Dell
00:0e:a6,ASUSTek
00:22:15,ASUSTek
00:0c:6e,ASUSTek
00:1b:fc,ASUSTek
00:23:54,ASUSTek
00:24:8c,ASUSTek
00:e0:18,ASUSTek
00:26:18,ASUSTek
04:d4:c4,ASUSTek
08:60:6e,ASUSTek
10:7b:44,ASUSTek
1c:87:2c,ASUSTek
2c:4d:54,ASUSTek
2c:56:dc,ASUSTek
30:85:a9,ASUSTek
34:97:f6,ASUSTek
38:d5:47,ASUSTek
40:16:7e,ASUSTek
48:5b:39,ASUSTek
4c:ed:fb,ASUSTek
50:46:5d,ASUSTek
54:04:a6,ASUSTek
60:45:cb,ASUSTek
6c:b0:ce,ASUSTek
74:d0:2b,ASUSTek
78:24:af,ASUSTek
88:d7:f6,ASUSTek
90:e6:ba,ASUSTek
ac:22:0b,ASUSTek
b0:6e:bf,ASUSTek
bc:ee:7b,ASUSTek
c8:60:00,ASUSTek
d4:5d:64,ASUSTek
e0:3f:49,ASUSTek
f4:6d:04,ASUSTek
fc:34:97,ASUSTek
00:17:a4,HP
00:1a:4b,HP
00:1b:78,HP
00:1e:0b,HP
00:21:5a,HP
00:22:64,HP
00:25:b3,HP
00:26:55,HP
10:1f:74,HP
14:02:ec,HP
18:a9:05,HP
1c:c1:de,HP
24:be:05,HP
28:80:23,HP
2c:27:d7,HP
30:e1:71,HP
38:63:bb,HP
3c:4a:92,HP
3c:d9:2b,HP
40:b0:34,HP
44:31:92,HP
48:0f:cf,HP
4c:39:09,HP
50:65:f3,HP
58:20:b1,HP
5c:b9:01,HP
64:51:06,HP
68:b5:99,HP
6c:3b:e5,HP
70:10:6f,HP
74:46:a0,HP
78:48:59,HP
78:ac:c0,HP
80:c1:6e,HP
84:34:97,HP
8c:dc:d4,HP
94:57:a5,HP
98:e7:f4,HP
9c:b6:54,HP
a0:1d:48,HP
a0:d3:c1,HP
a4:5d:36,HP
a8:b1:3b,HP
ac:16:2d,HP
b0:5a:da,HP
b4:b5:2f,HP
b8:af:67,HP
c0:91:34,HP
c4:34:6b,HP
c8:cb:b8,HP
cc:3e:5f,HP
d0:7e:28,HP
d4:c9:ef,HP
d8:d3:85,HP
dc:4a:3e,HP
e4:11:5b,HP
e8:f7:24,HP
ec:b1:d7,HP
f0:92:1c,HP
f4:39:09,HP
fc:15:b4,HP
00:01:c7,Cisco Systems
00:03:fd,Cisco Systems
00:05:31,Cisco Systems
00:06:7c,Cisco Systems
00:07:0e,Cisco Systems
00:0a:41,Cisco Systems
00:0b:46,Cisco Systems
00:0d:65,Cisco Systems
00:0e:38,Cisco Systems
00:0f:24,Cisco Systems
00:10:07,Cisco Systems
00:10:79,Cisco Systems
00:11:20,Cisco Systems
00:11:bb,Cisco Systems
00:12:00,Cisco Systems
00:12:43,Cisco Systems
00:13:1a,Cisco Systems
00:13:7f,Cisco Systems
00:14:69,Cisco Systems
00:15:2b,Cisco Systems
00:15:f9,Cisco Systems
00:16:46,Cisco Systems
00:16:c7,Cisco Systems
00:17:0e,Cisco Systems
00:17:94,Cisco Systems
00:18:18,Cisco Systems
00:18:73,Cisco Systems
00:19:06,Cisco Systems
00:19:55,Cisco Systems
00:1a:2f,Cisco Systems
00:1a:6c,Cisco Systems
00:1a:a1,Cisco Systems
00:1a:e2,Cisco Systems
00:1b:0c,Cisco Systems
00:1b:53,Cisco Systems
00:1b:8f,Cisco Systems
00:1b:d4,Cisco Systems
00:1c:0e,Cisco Systems
00:1c:57,Cisco Systems
00:1c:f6,Cisco Systems
00:1d:45,Cisco Systems
00:1d:a1,Cisco Systems
00:1d:e5,Cisco Systems
00:1e:13,Cisco Systems
00:1e:49,Cisco Systems
00:1e:79,Cisco Systems
00:1e:bd,Cisco Systems
00:1e:f6,Cisco Systems
00:1f:26,Cisco Systems
00:1f:6c,Cisco Systems
00:1f:9d,Cisco Systems
00:1f:ca,Cisco Systems
00:21:1b,Cisco Systems
00:21:55,Cisco Systems
00:21:a0,Cisco Systems
00:21:d7,Cisco Systems
00:22:0c,Cisco Systems
00:22:55,Cisco Systems
00:22:90,Cisco Systems
00:22:bd,Cisco Systems
00:23:04,Cisco Systems
00:23:33,Cisco Systems
00:23:5d,Cisco Systems
00:23:ab,Cisco Systems
00:23:ea,Cisco Systems
00:24:13,Cisco Systems
00:24:50,Cisco Systems
00:24:97,Cisco Systems
00:24:c3,Cisco Systems
00:24:f7,Cisco Systems
00:25:2e,Cisco Systems
00:25:45,Cisco Systems
00:25:83,Cisco Systems
00:25:b4,Cisco Systems
00:26:0a,Cisco Systems
00:26:51,Cisco Systems
00:26:98,Cisco Systems
00:26:ca,Cisco Systems
00:27:0c,Cisco Systems
00:1e:4f,Dell
00:19:b9,Dell
00:06:5b,Dell
00:08:74,Dell
00:0b:db,Dell
00:12:3f,Dell
00:14:22,Dell
00:15:c5,Dell
00:18:8b,Dell
00:1a:a0,Dell
00:1c:23,Dell
00:1d:09,Dell
00:1e:c9,Dell
00:21:70,Dell
00:21:9b,Dell
00:22:19,Dell
00:23:ae,Dell
00:24:e8,Dell
00:25:64,Dell
00:26:b9,Dell
14:18:77,Dell
14:b3:1f,Dell
18:03:73,Dell
18:66:da,Dell
1c:40:24,Dell
24:6e:96,Dell
24:b6:fd,Dell
28:f1:0e,Dell
34:17:eb,Dell
34:e6:d7,Dell
44:a8:42,Dell
48:4d:7e,Dell
50:9a:4c,Dell
54:9f:35,Dell
5c:26:0a,Dell
64:00:6a,Dell
74:86:7a,Dell
78:2b:cb,Dell
80:18:44,Dell
84:2b:2b,Dell
84:7b:eb,Dell
8c:ec:4b,Dell
90:b1:1c,Dell
98:90:96,Dell
a4:1f:72,Dell
a4:ba:db,Dell
b0:83:fe,Dell
b4:e1:0f,Dell
b8:2a:72,Dell
b8:ac:6f,Dell
bc:30:5b,Dell
c8:1f:66,Dell
d0:67:e5,Dell
d0:94:66,Dell
d4:81:d7,Dell
d4:be:d9,Dell
e0:db:55,Dell
ec:f4:bb,Dell
f0:1f:af,Dell
f4:8e:38,Dell
f8:b1:56,Dell
f8:bc:12,Dell
fc:de:56,Dell
00:03:47,Intel
00:07:e9,Intel
00:0c:f1,Intel
00:0e:0c,Intel
00:0e:35,Intel
00:11:11,Intel
00:12:f0,Intel
00:13:02,Intel
00:13:20,Intel
00:13:ce,Intel
00:13:e8,Intel
00:15:00,Intel
00:15:17,Intel
00:16:6f,Intel
00:16:76,Intel
00:16:ea,Intel
00:16:eb,Intel
00:18:de,Intel
00:19:d1,Intel
00:19:d2,Intel
00:1b:21,Intel
00:1b:77,Intel
00:1c:bf,Intel
00:1c:c0,Intel
00:1d:e0,Intel
00:1d:e1,Intel
00:1e:64,Intel
00:1e:65,Intel
00:1f:3b,Intel
00:1f:3c,Intel
00:20:7b,Intel
00:22:fa,Intel
00:22:fb,Intel
00:24:d6,Intel
00:24:d7,Intel
00:27:10,Intel
3c:97:0e,Intel
40:a3:6b,Intel
4c:34:88,Intel
5c:51:4f,Intel
60:57:18,Intel
68:05:ca,Intel
78:92:9c,Intel
7c:5c:f8,Intel
84:3a:4b,Intel
8c:8d:28,Intel
9c:da:3e,Intel
a0:36:9f,Intel
a4:4c:c8,Intel
b4:6b:fc,Intel
b4:d5:bd,Intel
c8:5b:76,Intel
d0:ab:d5,Intel
dc:53:60,Intel
e8:6a:64,Intel
f4:30:b9,Intel
f8:63:3f,Intel
00:1e:68,Quanta Computer
00:24:54,Samsung
00:26:37,Samsung
04:18:0f,Samsung
08:21:ef,Samsung
08:37:3d,Samsung
08:d4:2b,Samsung
0c:14:20,Samsung
0c:89:10,Samsung
10:1d:c0,Samsung
14:49:e0,Samsung
14:89:fd,Samsung
18:3a:2d,Samsung
18:67:b0,Samsung
1c:66:aa,Samsung
20:13:e0,Samsung
24:4b:81,Samsung
28:98:7b,Samsung
2c:ae:2b,Samsung
30:07:4d,Samsung
34:14:5f,Samsung
34:23:ba,Samsung
38:01:97,Samsung
38:0a:94,Samsung
3c:5a:37,Samsung
40:0e:85,Samsung
44:4e:1a,Samsung
48:2c:a0,Samsung
4c:3c:16,Samsung
50:01:bb,Samsung
50:a4:c8,Samsung
54:40:ad,Samsung
58:c3:8b,Samsung
5c:2e:59,Samsung
5c:3c:27,Samsung
60:af:6d,Samsung
64:b8:53,Samsung
68:27:37,Samsung
68:48:98,Samsung
6c:f3:73,Samsung
70:2a:d5,Samsung
74:45:ce,Samsung
78:1f:db,Samsung
78:52:1a,Samsung
78:a8:73,Samsung
7c:0a:3e,Samsung
80:65:6d,Samsung
84:11:9e,Samsung
84:25:db,Samsung
84:38:38,Samsung
84:55:a5,Samsung
88:32:9b,Samsung
8c:71:f8,Samsung
8c:f5:a3,Samsung
90:18:7c,Samsung
90:f1:aa,Samsung
94:01:c2,Samsung
94:35:0a,Samsung
94:8b:c1,Samsung
98:0c:82,Samsung
98:52:b1,Samsung
9c:02:98,Samsung
9c:3a:af,Samsung
a0:08:25,Samsung
a0:82:1f,Samsung
a4:08:01,Samsung
a4:f1:28,Samsung
a8:06:00,Samsung
ac:36:13,Samsung
b0:47:bf,Samsung
b0:72:bf,Samsung
b0:df:3a,Samsung
b4:3a:28,Samsung
b4:79:a7,Samsung
b8:5e:7b,Samsung
bc:14:ef,Samsung
bc:44:86,Samsung
bc:72:b1,Samsung
bc:85:1f,Samsung
c0:17:95,Samsung
c0:97:27,Samsung
c0:bd:d1,Samsung
c4:73:1e,Samsung
c4:62:ea,Samsung
c8:ba:94,Samsung
cc:05:1b,Samsung
cc:07:ab,Samsung
cc:3a:61,Samsung
d0:17:c2,Samsung
d0:22:be,Samsung
d0:25:44,Samsung
d0:59:e4,Samsung
d0:66:7b,Samsung
d0:87:e2,Samsung
d4:88:90,Samsung
d8:57:ef,Samsung
d8:90:e8,Samsung
d8:c4:e9,Samsung
dc:71:96,Samsung
e4:12:1d,Samsung
e4:58:b8,Samsung
e4:7c:f9,Samsung
e4:92:fb,Samsung
e8:3a:12,Samsung
ec:1f:72,Samsung
ec:9b:f3,Samsung
f0:25:b7,Samsung
f0:5b:7b,Samsung
f0:72:8c,Samsung
f4:42:8f,Samsung
f4:7b:5e,Samsung
f8:04:2e,Samsung
f8:3f:51,Samsung
f8:d0:bd,Samsung
fc:a1:3e,Samsung
fc:f1:36,Samsung
00:1c:df,Belkin
00:11:50,Belkin
00:17:3f,Belkin
00:30:bd,Belkin
08:86:3b,Belkin
94:10:3e,Belkin
b4:75:0e,Belkin
c0:56:27,Belkin
e8:9f:80,Belkin
ec:1a:59,Belkin
00:14:bf,Linksys
00:18:f8,Linksys
00:1a:70,Linksys
00:1c:10,Linksys
00:1d:7e,Linksys
00:21:29,Linksys
00:22:6b,Linksys
00:23:69,Linksys
00:25:9c,Linksys
20:aa:4b,Linksys
c0:c1:c0,Linksys
00:09:5b,Netgear
00:0f:b5,Netgear
00:14:6c,Netgear
00:1b:2f,Netgear
00:1e:2a,Netgear
00:1f:33,Netgear
00:22:3f,Netgear
00:24:b2,Netgear
00:26:f2,Netgear
20:4e:7f,Netgear
28:c6:8e,Netgear
2c:b0:5d,Netgear
30:46:9a,Netgear
44:94:fc,Netgear
4c:60:de,Netgear
6c:b0:ce,Netgear
84:1b:5e,Netgear
8c:3b:ad,Netgear
9c:3d:cf,Netgear
a0:04:60,Netgear
a0:21:b7,Netgear
a4:2b:8c,Netgear
b0:7f:b9,Netgear
b0:b9:8a,Netgear
c0:3f:0e,Netgear
c4:04:15,Netgear
cc:40:d0,Netgear
dc:ef:09,Netgear
e0:46:9a,Netgear
e0:91:f5,Netgear
e4:f4:c6,Netgear
fc:fb:fb,Netgear
00:0a:27,TP-Link
00:1d:0f,TP-Link
00:23:cd,TP-Link
00:27:19,TP-Link
10:fe:ed,TP-Link
14:cc:20,TP-Link
14:cf:92,TP-Link
18:a6:f7,TP-Link
1c:3b:f3,TP-Link
24:69:68,TP-Link
30:b4:9e,TP-Link
34:e8:94,TP-Link
50:3e:aa,TP-Link
54:c8:0f,TP-Link
5c:a6:e6,TP-Link
60:32:b1,TP-Link
64:56:01,TP-Link
64:66:b3,TP-Link
64:70:02,TP-Link
6c:5a:b0,TP-Link
78:44:76,TP-Link
88:c3:97,TP-Link
8c:a6:df,TP-Link
90:f6:52,TP-Link
98:da:c4,TP-Link
a4:2b:b0,TP-Link
ac:84:c6,TP-Link
b0:4e:26,TP-Link
b0:95:75,TP-Link
b4:b0:24,TP-Link
c0:25:e9,TP-Link
c0:4a:00,TP-Link
c4:e9:84,TP-Link
c8:3a:35,TP-Link
cc:b0:da,TP-Link
d4:6e:0e,TP-Link
d8:07:b6,TP-Link
d8:47:32,TP-Link
e4:8d:8c,TP-Link
e8:de:27,TP-Link
ec:08:6b,TP-Link
f0:a7:31,TP-Link
f4:ec:38,TP-Link
f4:f2:6d,TP-Link
f8:d1:11,TP-Link
00:08:a2,Lenovo
00:09:2d,Lenovo
00:0a:e4,Lenovo
00:12:fe,Lenovo
00:1a:6b,Lenovo
00:21:cc,Lenovo
28:d2:44,Lenovo
34:e6:ad,Lenovo
40:b0:34,Lenovo
48:51:b7,Lenovo
50:7b:9d,Lenovo
54:e1:ad,Lenovo
58:a0:23,Lenovo
60:d8:19,Lenovo
68:f7:28,Lenovo
70:5a:0f,Lenovo
74:e6:1c,Lenovo
78:e7:d1,Lenovo
7c:7a:91,Lenovo
80:fa:5b,Lenovo
84:7a:88,Lenovo
88:70:8c,Lenovo
8c:16:45,Lenovo
90:06:28,Lenovo
98:e7:43,Lenovo
a4:34:d9,Lenovo
b0:00:b4,Lenovo
b8:6b:23,Lenovo
c8:5b:76,Lenovo
d0:57:7b,Lenovo
d8:fc:93,Lenovo
e8:6a:64,Lenovo
ec:b1:d7,Lenovo
f0:76:1c,Lenovo
f4:8c:50,Lenovo
fc:44:82,Lenovo
00:1e:58,D-Link
00:05:5d,D-Link
00:0d:88,D-Link
00:0f:3d,D-Link
00:11:95,D-Link
00:13:46,D-Link
00:15:e9,D-Link
00:17:9a,D-Link
00:19:5b,D-Link
00:1b:11,D-Link
00:1c:f0,D-Link
00:1e:58,D-Link
00:21:91,D-Link
00:22:b0,D-Link
00:24:01,D-Link
00:26:5a,D-Link
14:d6:4d,D-Link
1c:7e:e5,D-Link
28:10:7b,D-Link
34:08:04,D-Link
3c:1e:04,D-Link
48:ee:0c,D-Link
5c:d9:98,D-Link
60:63:4c,D-Link
78:32:1b,D-Link
78:54:2e,D-Link
84:c9:b2,D-Link
90:8d:78,D-Link
90:94:e4,D-Link
9c:d6:43,D-Link
a0:ab:1b,D-Link
ac:f1:df,D-Link
b8:a3:86,D-Link
bc:f6:85,D-Link
c0:a0:bb,D-Link
c4:a8:1d,D-Link
c8:be:19,D-Link
cc:b2:55,D-Link
d8:fe:e3,D-Link
e4:6f:13,D-Link
e8:cc:18,D-Link
ec:22:80,D-Link
f0:7d:68,D-Link
fc:75:16,D-Link
00:04:4b,Nvidia
00:16:3e,Xen
00:50:56,VMware
00:1c:14,VMware
00:05:69,VMware
00:0c:29,VMware
00:1c:42,Parallels
52:54:00,QEMU/KVM
b8:27:eb,Raspberry Pi
dc:a6:32,Raspberry Pi
e4:5f:01,Raspberry Pi
28:cd:c1,Raspberry Pi
d8:3a:dd,Raspberry Pi
2c:cf:67,Raspberry Pi
